timestamp	hw_id	os	log_type	condition	stack_trace
2024/05/06 23:13:18.627	zKwJB6+VlTr6ZTc	Windows 11  (10.0.22621) 64bit (Editor)	Log	[OVRManager] OnApplicationPause(false)	UnityEngine.Debug:Log (object)\n OVRManager:OnApplicationPause (bool) (at ./Library/PackageCache/com.meta.xr.sdk.core@62.0.0/Scripts/OVRManager.cs:3017)\n 	
2024/05/06 23:13:18.633	zKwJB6+VlTr6ZTc	Windows 11  (10.0.22621) 64bit (Editor)	Log	[OVRManager] OnApplicationFocus(false)	UnityEngine.Debug:Log (object)\n OVRManager:OnApplicationFocus (bool) (at ./Library/PackageCache/com.meta.xr.sdk.core@62.0.0/Scripts/OVRManager.cs:3029)\n 	
2024/05/06 23:13:18.671	zKwJB6+VlTr6ZTc	Windows 11  (10.0.22621) 64bit (Editor)	Log	datapath: C:/Users/Ethan/AppData/LocalLow/UniversityofGeorgia/LeftRightStudy	UnityEngine.Debug:Log (object)\n MyLogger:Start () (at Assets/MyLogger.cs:24)\n 	
2024/05/06 23:13:18.671	zKwJB6+VlTr6ZTc	Windows 11  (10.0.22621) 64bit (Editor)	Log	OVRControllerHelp: Active controller type: TouchPlus for product Meta Quest 3 (headset Meta_Link_Quest_3, hand HandLeft)	UnityEngine.Debug:LogFormat (string,object[])\n OVRControllerHelper:InitializeControllerModels () (at ./Library/PackageCache/com.meta.xr.sdk.core@62.0.0/Scripts/Util/OVRControllerHelper.cs:218)\n OVRControllerHelper:Start () (at ./Library/PackageCache/com.meta.xr.sdk.core@62.0.0/Scripts/Util/OVRControllerHelper.cs:134)\n 	
2024/05/06 23:13:18.673	zKwJB6+VlTr6ZTc	Windows 11  (10.0.22621) 64bit (Editor)	Log	OVRControllerHelp: Active controller type: TouchPlus for product Meta Quest 3 (headset Meta_Link_Quest_3, hand HandRight)	UnityEngine.Debug:LogFormat (string,object[])\n OVRControllerHelper:InitializeControllerModels () (at ./Library/PackageCache/com.meta.xr.sdk.core@62.0.0/Scripts/Util/OVRControllerHelper.cs:218)\n OVRControllerHelper:Start () (at ./Library/PackageCache/com.meta.xr.sdk.core@62.0.0/Scripts/Util/OVRControllerHelper.cs:134)\n 	
2024/05/06 23:13:18.675	zKwJB6+VlTr6ZTc	Windows 11  (10.0.22621) 64bit (Editor)	Exception	NullReferenceException: Object reference not set to an instance of an object	LeftRightGameManager.Start () (at Assets/Scripts/LeftRightGameManager.cs:92)\n 	
2024/05/06 23:13:18.715	zKwJB6+VlTr6ZTc	Windows 11  (10.0.22621) 64bit (Editor)	Log	datapath: C:/Users/Ethan/AppData/LocalLow/UniversityofGeorgia/LeftRightStudy	UnityEngine.Debug:Log (object)\n CSVWriter:Start () (at Assets/CSVWriter.cs:8)\n 	
2024/05/06 23:13:18.743	zKwJB6+VlTr6ZTc	Windows 11  (10.0.22621) 64bit (Editor)	Log	[OVRManager] HMDAcquired event	UnityEngine.Debug:Log (object)\n OVRManager:Update () (at ./Library/PackageCache/com.meta.xr.sdk.core@62.0.0/Scripts/OVRManager.cs:2527)\n 	
2024/05/06 23:13:18.744	zKwJB6+VlTr6ZTc	Windows 11  (10.0.22621) 64bit (Editor)	Log	[OVRManager] InputFocusLost event	UnityEngine.Debug:Log (object)\n OVRManager:Update () (at ./Library/PackageCache/com.meta.xr.sdk.core@62.0.0/Scripts/OVRManager.cs:2615)\n 	
2024/05/06 23:13:18.744	zKwJB6+VlTr6ZTc	Windows 11  (10.0.22621) 64bit (Editor)	Log	Recenter event detected	UnityEngine.Debug:Log (object)\n OVRDisplay:Update () (at ./Library/PackageCache/com.meta.xr.sdk.core@62.0.0/Scripts/OVRDisplay.cs:133)\n OVRManager:Update () (at ./Library/PackageCache/com.meta.xr.sdk.core@62.0.0/Scripts/OVRManager.cs:2719)\n 	
2024/05/06 23:13:18.751	zKwJB6+VlTr6ZTc	Windows 11  (10.0.22621) 64bit (Editor)	Log	The game is in Idle State	UnityEngine.Debug:Log (object)\n LeftRightGameManager:HandleGameState () (at Assets/Scripts/LeftRightGameManager.cs:127)\n LeftRightGameManager:Update () (at Assets/Scripts/LeftRightGameManager.cs:120)\n 	
2024/05/06 23:13:18.769	zKwJB6+VlTr6ZTc	Windows 11  (10.0.22621) 64bit (Editor)	Log	Unable to process a controller whose SampleRateHz is 0 now.	UnityEngine.Debug:Log (object)\n OVRHaptics/OVRHapticsOutput:Process () (at ./Library/PackageCache/com.meta.xr.sdk.core@62.0.0/Scripts/OVRHaptics.cs:176)\n OVRHaptics:Process () (at ./Library/PackageCache/com.meta.xr.sdk.core@62.0.0/Scripts/OVRHaptics.cs:393)\n OVRManager:LateUpdate () (at ./Library/PackageCache/com.meta.xr.sdk.core@62.0.0/Scripts/OVRManager.cs:2974)\n 	
2024/05/06 23:13:18.769	zKwJB6+VlTr6ZTc	Windows 11  (10.0.22621) 64bit (Editor)	Log	Unable to process a controller whose SampleRateHz is 0 now.	UnityEngine.Debug:Log (object)\n OVRHaptics/OVRHapticsOutput:Process () (at ./Library/PackageCache/com.meta.xr.sdk.core@62.0.0/Scripts/OVRHaptics.cs:176)\n OVRHaptics:Process () (at ./Library/PackageCache/com.meta.xr.sdk.core@62.0.0/Scripts/OVRHaptics.cs:393)\n OVRManager:LateUpdate () (at ./Library/PackageCache/com.meta.xr.sdk.core@62.0.0/Scripts/OVRManager.cs:2974)\n 	
2024/05/06 23:13:19.791	zKwJB6+VlTr6ZTc	Windows 11  (10.0.22621) 64bit (Editor)	Log	[OVRManager] TrackingAcquired event	UnityEngine.Debug:Log (object)\n OVRManager:Update () (at ./Library/PackageCache/com.meta.xr.sdk.core@62.0.0/Scripts/OVRManager.cs:2707)\n 	
2024/05/06 23:13:19.791	zKwJB6+VlTr6ZTc	Windows 11  (10.0.22621) 64bit (Editor)	Log	The game is in Idle State	UnityEngine.Debug:Log (object)\n LeftRightGameManager:HandleGameState () (at Assets/Scripts/LeftRightGameManager.cs:127)\n LeftRightGameManager:Update () (at Assets/Scripts/LeftRightGameManager.cs:120)\n 	
2024/05/06 23:13:19.862	zKwJB6+VlTr6ZTc	Windows 11  (10.0.22621) 64bit (Editor)	Log	[OVRPlugin] [XR_SESSION] XrEventDataSessionStateChanged: state XR_SESSION_STATE_SYNCHRONIZED->XR_SESSION_STATE_VISIBLE session=72218466332966913 time=168402311719100	UnityEngine.Debug:Log (object)\n OVRManager:OVRPluginLogCallback (OVRPlugin/LogLevel,intptr,int) (at ./Library/PackageCache/com.meta.xr.sdk.core@62.0.0/Scripts/OVRManager.cs:2009)\n 	
2024/05/06 23:13:19.862	zKwJB6+VlTr6ZTc	Windows 11  (10.0.22621) 64bit (Editor)	Log	[OVRPlugin] [XR_SESSION] ... running 1 visible 1 focused 0	UnityEngine.Debug:Log (object)\n OVRManager:OVRPluginLogCallback (OVRPlugin/LogLevel,intptr,int) (at ./Library/PackageCache/com.meta.xr.sdk.core@62.0.0/Scripts/OVRManager.cs:2009)\n 	
2024/05/06 23:13:19.862	zKwJB6+VlTr6ZTc	Windows 11  (10.0.22621) 64bit (Editor)	Log	[OVRPlugin] [XR_SESSION] XrEventDataSessionStateChanged: state XR_SESSION_STATE_VISIBLE->XR_SESSION_STATE_FOCUSED session=72218466332966913 time=168402311723700	UnityEngine.Debug:Log (object)\n OVRManager:OVRPluginLogCallback (OVRPlugin/LogLevel,intptr,int) (at ./Library/PackageCache/com.meta.xr.sdk.core@62.0.0/Scripts/OVRManager.cs:2009)\n 	
2024/05/06 23:13:19.862	zKwJB6+VlTr6ZTc	Windows 11  (10.0.22621) 64bit (Editor)	Log	[OVRPlugin] [XR_SESSION] ... running 1 visible 1 focused 1	UnityEngine.Debug:Log (object)\n OVRManager:OVRPluginLogCallback (OVRPlugin/LogLevel,intptr,int) (at ./Library/PackageCache/com.meta.xr.sdk.core@62.0.0/Scripts/OVRManager.cs:2009)\n 	
2024/05/06 23:13:19.869	zKwJB6+VlTr6ZTc	Windows 11  (10.0.22621) 64bit (Editor)	Log	[OVRManager] HMDMounted event	UnityEngine.Debug:Log (object)\n OVRManager:Update () (at ./Library/PackageCache/com.meta.xr.sdk.core@62.0.0/Scripts/OVRManager.cs:2561)\n 	
2024/05/06 23:13:19.869	zKwJB6+VlTr6ZTc	Windows 11  (10.0.22621) 64bit (Editor)	Log	[OVRManager] VrFocusAcquired event	UnityEngine.Debug:Log (object)\n OVRManager:Update () (at ./Library/PackageCache/com.meta.xr.sdk.core@62.0.0/Scripts/OVRManager.cs:2595)\n 	
2024/05/06 23:13:19.869	zKwJB6+VlTr6ZTc	Windows 11  (10.0.22621) 64bit (Editor)	Log	[OVRManager] InputFocusAcquired event	UnityEngine.Debug:Log (object)\n OVRManager:Update () (at ./Library/PackageCache/com.meta.xr.sdk.core@62.0.0/Scripts/OVRManager.cs:2629)\n 	
2024/05/06 23:13:19.870	zKwJB6+VlTr6ZTc	Windows 11  (10.0.22621) 64bit (Editor)	Log	The game is in Idle State	UnityEngine.Debug:Log (object)\n LeftRightGameManager:HandleGameState () (at Assets/Scripts/LeftRightGameManager.cs:127)\n LeftRightGameManager:Update () (at Assets/Scripts/LeftRightGameManager.cs:120)\n 	
2024/05/06 23:13:19.882	zKwJB6+VlTr6ZTc	Windows 11  (10.0.22621) 64bit (Editor)	Log	The game is in Idle State	UnityEngine.Debug:Log (object)\n LeftRightGameManager:HandleGameState () (at Assets/Scripts/LeftRightGameManager.cs:127)\n LeftRightGameManager:Update () (at Assets/Scripts/LeftRightGameManager.cs:120)\n 	
2024/05/06 23:13:19.895	zKwJB6+VlTr6ZTc	Windows 11  (10.0.22621) 64bit (Editor)	Log	The game is in Idle State	UnityEngine.Debug:Log (object)\n LeftRightGameManager:HandleGameState () (at Assets/Scripts/LeftRightGameManager.cs:127)\n LeftRightGameManager:Update () (at Assets/Scripts/LeftRightGameManager.cs:120)\n 	
2024/05/06 23:13:19.911	zKwJB6+VlTr6ZTc	Windows 11  (10.0.22621) 64bit (Editor)	Log	The game is in Idle State	UnityEngine.Debug:Log (object)\n LeftRightGameManager:HandleGameState () (at Assets/Scripts/LeftRightGameManager.cs:127)\n LeftRightGameManager:Update () (at Assets/Scripts/LeftRightGameManager.cs:120)\n 	
2024/05/06 23:13:19.926	zKwJB6+VlTr6ZTc	Windows 11  (10.0.22621) 64bit (Editor)	Log	The game is in Idle State	UnityEngine.Debug:Log (object)\n LeftRightGameManager:HandleGameState () (at Assets/Scripts/LeftRightGameManager.cs:127)\n LeftRightGameManager:Update () (at Assets/Scripts/LeftRightGameManager.cs:120)\n 	
2024/05/06 23:13:19.940	zKwJB6+VlTr6ZTc	Windows 11  (10.0.22621) 64bit (Editor)	Log	The game is in Idle State	UnityEngine.Debug:Log (object)\n LeftRightGameManager:HandleGameState () (at Assets/Scripts/LeftRightGameManager.cs:127)\n LeftRightGameManager:Update () (at Assets/Scripts/LeftRightGameManager.cs:120)\n 	
2024/05/06 23:13:19.954	zKwJB6+VlTr6ZTc	Windows 11  (10.0.22621) 64bit (Editor)	Log	The game is in Idle State	UnityEngine.Debug:Log (object)\n LeftRightGameManager:HandleGameState () (at Assets/Scripts/LeftRightGameManager.cs:127)\n LeftRightGameManager:Update () (at Assets/Scripts/LeftRightGameManager.cs:120)\n 	
2024/05/06 23:13:19.968	zKwJB6+VlTr6ZTc	Windows 11  (10.0.22621) 64bit (Editor)	Log	The game is in Idle State	UnityEngine.Debug:Log (object)\n LeftRightGameManager:HandleGameState () (at Assets/Scripts/LeftRightGameManager.cs:127)\n LeftRightGameManager:Update () (at Assets/Scripts/LeftRightGameManager.cs:120)\n 	
2024/05/06 23:13:19.983	zKwJB6+VlTr6ZTc	Windows 11  (10.0.22621) 64bit (Editor)	Log	The game is in Idle State	UnityEngine.Debug:Log (object)\n LeftRightGameManager:HandleGameState () (at Assets/Scripts/LeftRightGameManager.cs:127)\n LeftRightGameManager:Update () (at Assets/Scripts/LeftRightGameManager.cs:120)\n 	
2024/05/06 23:13:19.997	zKwJB6+VlTr6ZTc	Windows 11  (10.0.22621) 64bit (Editor)	Log	The game is in Idle State	UnityEngine.Debug:Log (object)\n LeftRightGameManager:HandleGameState () (at Assets/Scripts/LeftRightGameManager.cs:127)\n LeftRightGameManager:Update () (at Assets/Scripts/LeftRightGameManager.cs:120)\n 	
2024/05/06 23:13:20.011	zKwJB6+VlTr6ZTc	Windows 11  (10.0.22621) 64bit (Editor)	Log	The game is in Idle State	UnityEngine.Debug:Log (object)\n LeftRightGameManager:HandleGameState () (at Assets/Scripts/LeftRightGameManager.cs:127)\n LeftRightGameManager:Update () (at Assets/Scripts/LeftRightGameManager.cs:120)\n 	
2024/05/06 23:13:20.025	zKwJB6+VlTr6ZTc	Windows 11  (10.0.22621) 64bit (Editor)	Log	The game is in Idle State	UnityEngine.Debug:Log (object)\n LeftRightGameManager:HandleGameState () (at Assets/Scripts/LeftRightGameManager.cs:127)\n LeftRightGameManager:Update () (at Assets/Scripts/LeftRightGameManager.cs:120)\n 	
2024/05/06 23:13:20.065	zKwJB6+VlTr6ZTc	Windows 11  (10.0.22621) 64bit (Editor)	Log	[OVRPlugin] CompositorOpenXR::~CompositorOpenXR()	UnityEngine.Debug:Log (object)\n OVRManager:OVRPluginLogCallback (OVRPlugin/LogLevel,intptr,int) (at ./Library/PackageCache/com.meta.xr.sdk.core@62.0.0/Scripts/OVRManager.cs:2009)\n UnityEngine.XR.Management.XRLoaderHelper:DestroySubsystem<UnityEngine.XR.XRDisplaySubsystem> ()\n Unity.XR.Oculus.OculusLoader:Deinitialize () (at ./Library/PackageCache/com.unity.xr.oculus@4.1.2/Runtime/OculusLoader.cs:233)\n UnityEngine.GUIUtility:ProcessEvent (int,intptr,bool&)\n 	
2024/05/06 23:13:20.079	zKwJB6+VlTr6ZTc	Windows 11  (10.0.22621) 64bit (Editor)	Log	[OVRPlugin] m_xrSession destroyed	UnityEngine.Debug:Log (object)\n OVRManager:OVRPluginLogCallback (OVRPlugin/LogLevel,intptr,int) (at ./Library/PackageCache/com.meta.xr.sdk.core@62.0.0/Scripts/OVRManager.cs:2009)\n UnityEngine.XR.Management.XRLoaderHelper:DestroySubsystem<UnityEngine.XR.XRDisplaySubsystem> ()\n Unity.XR.Oculus.OculusLoader:Deinitialize () (at ./Library/PackageCache/com.unity.xr.oculus@4.1.2/Runtime/OculusLoader.cs:233)\n UnityEngine.GUIUtility:ProcessEvent (int,intptr,bool&)\n 	
2024/05/06 23:13:20.082	zKwJB6+VlTr6ZTc	Windows 11  (10.0.22621) 64bit (Editor)	Log	[OVRPlugin] m_xrInstance destroyed	UnityEngine.Debug:Log (object)\n OVRManager:OVRPluginLogCallback (OVRPlugin/LogLevel,intptr,int) (at ./Library/PackageCache/com.meta.xr.sdk.core@62.0.0/Scripts/OVRManager.cs:2009)\n UnityEngine.XR.Management.XRLoaderHelper:DestroySubsystem<UnityEngine.XR.XRDisplaySubsystem> ()\n Unity.XR.Oculus.OculusLoader:Deinitialize () (at ./Library/PackageCache/com.unity.xr.oculus@4.1.2/Runtime/OculusLoader.cs:233)\n UnityEngine.GUIUtility:ProcessEvent (int,intptr,bool&)\n 	
2024/05/06 23:13:20.088	zKwJB6+VlTr6ZTc	Windows 11  (10.0.22621) 64bit (Editor)	Log	The current MSAA level is 4, but the recommended MSAA level is 2. Switching to the recommended level.	UnityEngine.Debug:Log (object)\n OVRManager:Update () (at ./Library/PackageCache/com.meta.xr.sdk.core@62.0.0/Scripts/OVRManager.cs:2487)\n 	
2024/05/06 23:13:20.088	zKwJB6+VlTr6ZTc	Windows 11  (10.0.22621) 64bit (Editor)	Log	[OVRManager] HMDLost event	UnityEngine.Debug:Log (object)\n OVRManager:Update () (at ./Library/PackageCache/com.meta.xr.sdk.core@62.0.0/Scripts/OVRManager.cs:2513)\n 	
2024/05/06 23:13:20.088	zKwJB6+VlTr6ZTc	Windows 11  (10.0.22621) 64bit (Editor)	Log	[OVRManager] HMDUnmounted event	UnityEngine.Debug:Log (object)\n OVRManager:Update () (at ./Library/PackageCache/com.meta.xr.sdk.core@62.0.0/Scripts/OVRManager.cs:2547)\n 	
2024/05/06 23:13:20.088	zKwJB6+VlTr6ZTc	Windows 11  (10.0.22621) 64bit (Editor)	Log	[OVRManager] VrFocusLost event	UnityEngine.Debug:Log (object)\n OVRManager:Update () (at ./Library/PackageCache/com.meta.xr.sdk.core@62.0.0/Scripts/OVRManager.cs:2581)\n 	
2024/05/06 23:13:20.088	zKwJB6+VlTr6ZTc	Windows 11  (10.0.22621) 64bit (Editor)	Log	[OVRManager] InputFocusLost event	UnityEngine.Debug:Log (object)\n OVRManager:Update () (at ./Library/PackageCache/com.meta.xr.sdk.core@62.0.0/Scripts/OVRManager.cs:2615)\n 	
2024/05/06 23:13:20.088	zKwJB6+VlTr6ZTc	Windows 11  (10.0.22621) 64bit (Editor)	Log	[OVRManager] AudioOutChanged event	UnityEngine.Debug:Log (object)\n OVRManager:Update () (at ./Library/PackageCache/com.meta.xr.sdk.core@62.0.0/Scripts/OVRManager.cs:2653)\n 	
2024/05/06 23:13:20.088	zKwJB6+VlTr6ZTc	Windows 11  (10.0.22621) 64bit (Editor)	Log	[OVRManager] AudioInChanged event	UnityEngine.Debug:Log (object)\n OVRManager:Update () (at ./Library/PackageCache/com.meta.xr.sdk.core@62.0.0/Scripts/OVRManager.cs:2675)\n 	
2024/05/06 23:13:20.088	zKwJB6+VlTr6ZTc	Windows 11  (10.0.22621) 64bit (Editor)	Log	[OVRManager] TrackingLost event	UnityEngine.Debug:Log (object)\n OVRManager:Update () (at ./Library/PackageCache/com.meta.xr.sdk.core@62.0.0/Scripts/OVRManager.cs:2693)\n 	
2024/05/06 23:13:20.089	zKwJB6+VlTr6ZTc	Windows 11  (10.0.22621) 64bit (Editor)	Log	The game is in Idle State	UnityEngine.Debug:Log (object)\n LeftRightGameManager:HandleGameState () (at Assets/Scripts/LeftRightGameManager.cs:127)\n LeftRightGameManager:Update () (at Assets/Scripts/LeftRightGameManager.cs:120)\n 	
2024/05/06 23:13:20.116	zKwJB6+VlTr6ZTc	Windows 11  (10.0.22621) 64bit (Editor)	Log	[OVRManager] OnApplicationQuit	UnityEngine.Debug:Log (object)\n OVRManager:OnApplicationQuit () (at ./Library/PackageCache/com.meta.xr.sdk.core@62.0.0/Scripts/OVRManager.cs:3035)\n 	
